Workbook
Name DataChannelCountSetting: Settings!$C$8
Name DataDelaySetting: Settings!$C$4
Name DataOrientationSetting: Settings!$C$10
Name DataRowCountSetting: Settings!$C$6
Name Manifest_BaudRate: Manifest!$I$9
Name Manifest_DataInterval: Manifest!$I$7
Name Manifest_Generated: Manifest!$K$5
Name Manifest_Id: Manifest!$I$5:$J$5
Name Manifest_Schema: Manifest!$L$1

Sheet Sheet1
A2: ='Data In'!B8 -> -6 | B2: ='Data In'!C8 -> 511.24 | C2: ='Data In'!D8 -> 309.12 | D2: ='Data In'!E8 -> 310.46 | E2: ='Data In'!F8 -> 510.26 | F2: ='Data In'!G8 -> 510.26 | G2: ='Data In'!H8 -> 303.03 | H2: ='Data In'!I8 -> 293 | ... J2: ='Data In'!K8 -> 793
A3: ='Data In'!B9 -> -5 | B3: ='Data In'!C9 -> 511.24 | C3: ='Data In'!D9 -> 309.14 | D3: ='Data In'!E9 -> 310.51 | E3: ='Data In'!F9 -> 509.29 | F3: ='Data In'!G9 -> 510.26 | G3: ='Data In'!H9 -> 303.03 | H3: ='Data In'!I9 -> 299 | ... J3: ='Data In'!K9 -> 795
A4: ='Data In'!B10 -> -4 | B4: ='Data In'!C10 -> 511.24 | C4: ='Data In'!D10 -> 309.14 | D4: ='Data In'!E10 -> 310.03 | E4: ='Data In'!F10 -> 511.24 | F4: ='Data In'!G10 -> 511.24 | G4: ='Data In'!H10 -> 297.17 | H4: ='Data In'!I10 -> 290 | ... J4: ='Data In'!K10 -> 792
A5: ='Data In'!B11 -> -5 | B5: ='Data In'!C11 -> 511.24 | C5: ='Data In'!D11 -> 309.14 | D5: ='Data In'!E11 -> 310.56 | E5: ='Data In'!F11 -> 510.26 | F5: ='Data In'!G11 -> 511.24 | G5: ='Data In'!H11 -> 296.19 | H5: ='Data In'!I11 -> 290 | ... J5: ='Data In'!K11 -> 786
A6: ='Data In'!B12 -> -3 | B6: ='Data In'!C12 -> 511.24 | C6: ='Data In'!D12 -> 309.12 | D6: ='Data In'!E12 -> 310.03 | E6: ='Data In'!F12 -> 510.26 | F6: ='Data In'!G12 -> 510.26 | G6: ='Data In'!H12 -> 308.9 | H6: ='Data In'!I12 -> 299 | ... J6: ='Data In'!K12 -> 789
A7: ='Data In'!B13 -> -5 | B7: ='Data In'!C13 -> 511.24 | C7: ='Data In'!D13 -> 309.12 | D7: ='Data In'!E13 -> 309.72 | E7: ='Data In'!F13 -> 511.24 | F7: ='Data In'!G13 -> 510.26 | G7: ='Data In'!H13 -> 277.61 | H7: ='Data In'!I13 -> 277 | ... J7: ='Data In'!K13 -> 779
A8: ='Data In'!B14 -> -4 | B8: ='Data In'!C14 -> 511.24 | C8: ='Data In'!D14 -> 309.14 | D8: ='Data In'!E14 -> 310.05 | E8: ='Data In'!F14 -> 510.26 | F8: ='Data In'!G14 -> 510.26 | G8: ='Data In'!H14 -> 295.21 | H8: ='Data In'!I14 -> 288 | ... J8: ='Data In'!K14 -> 788
A9: ='Data In'!B15 -> -5 | B9: ='Data In'!C15 -> 511.24 | C9: ='Data In'!D15 -> 309.14 | D9: ='Data In'!E15 -> 310.15 | E9: ='Data In'!F15 -> 509.29 | F9: ='Data In'!G15 -> 511.24 | G9: ='Data In'!H15 -> 300.1 | H9: ='Data In'!I15 -> 286 | ... J9: ='Data In'!K15 -> 787
A10: ='Data In'!B16 -> -6 | B10: ='Data In'!C16 -> 511.24 | C10: ='Data In'!D16 -> 309.14 | D10: ='Data In'!E16 -> 310.05 | E10: ='Data In'!F16 -> 510.26 | F10: ='Data In'!G16 -> 510.26 | G10: ='Data In'!H16 -> 298.14 | H10: ='Data In'!I16 -> 291 | ... J10: ='Data In'!K16 -> 789
A11: ='Data In'!B17 -> -4 | B11: ='Data In'!C17 -> 511.24 | C11: ='Data In'!D17 -> 309.14 | D11: ='Data In'!E17 -> 310.15 | E11: ='Data In'!F17 -> 509.29 | F11: ='Data In'!G17 -> 510.26 | G11: ='Data In'!H17 -> 280.55 | H11: ='Data In'!I17 -> 273 | ... J11: ='Data In'!K17 -> 799
A12: ='Data In'!B18 -> -4 | B12: ='Data In'!C18 -> 511.24 | C12: ='Data In'!D18 -> 309.14 | D12: ='Data In'!E18 -> 310.05 | E12: ='Data In'!F18 -> 510.26 | F12: ='Data In'!G18 -> 511.24 | G12: ='Data In'!H18 -> 290.32 | H12: ='Data In'!I18 -> 287 | ... J12: ='Data In'!K18 -> 783
A13: ='Data In'!B19 -> -3 | B13: ='Data In'!C19 -> 511.24 | C13: ='Data In'!D19 -> 309.14 | D13: ='Data In'!E19 -> 309.72 | E13: ='Data In'!F19 -> 510.26 | F13: ='Data In'!G19 -> 510.26 | G13: ='Data In'!H19 -> 292.28 | H13: ='Data In'!I19 -> 283 | ... J13: ='Data In'!K19 -> 787
... A655: ='Data In'!B661 -> 0 | B655: ='Data In'!C661 -> 0 | C655: ='Data In'!D661 -> 0 | D655: ='Data In'!E661 -> 0 | E655: ='Data In'!F661 -> 0 | F655: ='Data In'!G661 -> 0 | G655: ='Data In'!H661 -> 0 | H655: ='Data In'!I661 -> 0 | ... J655: ='Data In'!K661 -> 0

Sheet Data In
A1: Data In (From USB-SERIAL CH340 (COM4))
A2: Data coming from the current data source will appear below as it is received.
A3: Current Data
A4: TIME | B4: CH1 | C4: CH2 | D4: CH3 | E4: CH4 | F4: CH5 | G4: CH6 | H4: CH7 | I4: CH8 | J4: CH9 | K4: CH10
A5: 45386.69 | B5: -6 | C5: 511.24 | D5: 309.12 | E5: 310.46 | F5: 510.26 | G5: 510.26 | H5: 303.03 | I5: 293 | J5: 288.37 | K5: 793
A6: Historical Data
A7: TIME | B7: CH1 | C7: CH2 | D7: CH3 | E7: CH4 | F7: CH5 | G7: CH6 | H7: CH7 | I7: CH8 | J7: CH9 | K7: CH10
A8: 45386.69 | B8: -6 | C8: 511.24 | D8: 309.12 | E8: 310.46 | F8: 510.26 | G8: 510.26 | H8: 303.03 | I8: 293 | J8: 288.37 | K8: 793
A9: 45386.69 | B9: -5 | C9: 511.24 | D9: 309.14 | E9: 310.51 | F9: 509.29 | G9: 510.26 | H9: 303.03 | I9: 299 | J9: 296.19 | K9: 795
A10: 45386.69 | B10: -4 | C10: 511.24 | D10: 309.14 | E10: 310.03 | F10: 511.24 | G10: 511.24 | H10: 297.17 | I10: 290 | J10: 286.41 | K10: 792
A11: 45386.69 | B11: -5 | C11: 511.24 | D11: 309.14 | E11: 310.56 | F11: 510.26 | G11: 511.24 | H11: 296.19 | I11: 290 | J11: 286.41 | K11: 786
A12: 45386.69 | B12: -3 | C12: 511.24 | D12: 309.12 | E12: 310.03 | F12: 510.26 | G12: 510.26 | H12: 308.9 | I12: 299 | J12: 286.41 | K12: 789
A13: 45386.69 | B13: -5 | C13: 511.24 | D13: 309.12 | E13: 309.72 | F13: 511.24 | G13: 510.26 | H13: 277.61 | I13: 277 | J13: 281.52 | K13: 779
A14: 45386.69 | B14: -4 | C14: 511.24 | D14: 309.14 | E14: 310.05 | F14: 510.26 | G14: 510.26 | H14: 295.21 | I14: 288 | J14: 290.32 | K14: 788
A15: 45386.69 | B15: -5 | C15: 511.24 | D15: 309.14 | E15: 310.15 | F15: 509.29 | G15: 511.24 | H15: 300.1 | I15: 286 | J15: 276.64 | K15: 787
A16: 45386.69 | B16: -6 | C16: 511.24 | D16: 309.14 | E16: 310.05 | F16: 510.26 | G16: 510.26 | H16: 298.14 | I16: 291 | J16: 289.35 | K16: 789
A17: 45386.69 | B17: -4 | C17: 511.24 | D17: 309.14 | E17: 310.15 | F17: 509.29 | G17: 510.26 | H17: 280.55 | I17: 273 | J17: 272.73 | K17: 799
A18: 45386.69 | B18: -4 | C18: 511.24 | D18: 309.14 | E18: 310.05 | F18: 510.26 | G18: 511.24 | H18: 290.32 | I18: 287 | J18: 285.44 | K18: 783
A19: 45386.69 | B19: -3 | C19: 511.24 | D19: 309.14 | E19: 309.72 | F19: 510.26 | G19: 510.26 | H19: 292.28 | I19: 283 | J19: 281.52 | K19: 787
... A107: 45386.689 | B107: -7 | C107: 511.24 | D107: 405.37 | E107: 10019.95 | F107: 509.29 | G107: 510.26 | H107: 325.51 | I107: 313 | J107: 306.94 | K107: 818

Sheet Data Out
A1: Data Out (To Device)
A2: Data entered into the channels below will be sent to the currently connected device as a comma-delimited string.
A4: CH1 | B4: CH2 | C4: CH3 | D4: CH4 | E4: CH5 | F4: CH6 | G4: CH7 | H4: CH8 | I4: CH9 | J4: CH10

Sheet Settings
A1: Workbook Settings
A2: Settings below will affect how data is read into the current workbook from data sources. Clear a field's contents to revert to its default setting.
A4: Data interval (ms) | B4: 150 | C4: 150
A6: Data rows | B6: 15 | C6: 100
A8: Data channels | B8: 10 | C8: 10
A10: Data orientation | B10: Newest last | C10: Newest first
A13: WARNING: Changing settings may result in the loss of content and/or custom formatting in the Data In and Data Out worksheets. Always save before changing values.

Sheet Manifest
A1: USB-SERIAL CH340 | L1: {"Channels":[{"Description":null,"Id":null,"IsGhost":false,"Name":null,"Status":"Active","SubChannels":[{"Description":null,"Id":"CH1","IsGhost":false,"Name":"CH1","Status":"Active","SubChannels":[],"UnitOfMeasure":null},{"Description":null,"Id":"CH2","IsGhost":false,"Name":"CH2","Status":"Active","SubChannels":[],"UnitOfMeasure":null},{"Description":null,"Id":"CH3","IsGhost":false,"Name":"CH3","Status":"Active","SubChannels":[],"UnitOfMeasure":null},{"Description":null,"Id":"CH4","IsGhost":false,"Name":"CH4","Status":"Active","SubChannels":[],"UnitOfMeasure":null},{"Description":null,"Id":"CH5","IsGhost":false,"Name":"CH5","Status":"Active","SubChannels":[],"UnitOfMeasure":null},{"Description":null,"Id":"CH6","IsGhost":false,"Name":"CH6","Status":"Active","SubChannels":[],"UnitOfMeasure":null},{"Description":null,"Id":"CH7","IsGhost":false,"Name":"CH7","Status":"Active","SubChannels":[],"UnitOfMeasure":null},{"Description":null,"Id":"CH8","IsGhost":false,"Name":"CH8","Status":"Active","SubChannels":[],"UnitOfMeasure":null},{"Description":null,"Id":"CH9","IsGhost":false,"Name":"CH9","Status":"Active","SubChannels":[],"UnitOfMeasure":null},{"Description":null,"Id":"CH10","IsGhost":false,"Name":"CH10","Status":"Active","SubChannels":[],"UnitOfMeasure":null}],"UnitOfMeasure":null}],"Commands":[],"DataInterval":150,"Id":"FA3FFEDE-A192-4772-ABB9-BCE04B24D881","IsGenerated":true,"Name":"USB-SERIAL CH340","Version":null,"BaudRate":9600}
A2: This manifest was generated for the connected device. You can edit the device name and channel data here and the Data In worksheet will be updated.
B3: Channels
I4: Data Source Id
C5: Id | D5: Name | E5: Description | F5: Unit of Measure | G5: Active | I5: FA3FFEDE-A192-4772-ABB9-BCE04B24D881 | K5: 1
C6: CH1 | D6: CH1 | G6: ü | I6: Data Interval (ms)
C7: CH2 | D7: CH2 | G7: ü | I7: 150
C8: CH3 | D8: CH3 | G8: ü | I8: Baud Rate
C9: CH4 | D9: CH4 | G9: ü | I9: 9600
C10: CH5 | D10: CH5 | G10: ü
C11: CH6 | D11: CH6 | G11: ü
C12: CH7 | D12: CH7 | G12: ü
C13: CH8 | D13: CH8 | G13: ü
C14: CH9 | D14: CH9 | G14: ü
C15: CH10 | D15: CH10 | G15: ü
